{
  "checkpoint_selection": {
    "best": {
      "epoch": 1,
      "global_step": 467,
      "train_loss": 1.7938466038419296,
      "validation_loss": 1.3247293804639153,
      "worker_f1_at_0_5": 0.1694915254237288,
      "worker_margin": 0.18419288120725416,
      "worker_negative_mean": 0.18152672360015024,
      "worker_positive_mean": 0.3657196048074044,
      "worker_recall_at_0_5": 0.38461538461538464
    },
    "definition": "WORKER positive mean validation score minus WORKER negative mean validation score",
    "metric": "worker_margin"
  },
  "dataset": "outputs/datasets/context_projection_v1.jsonl",
  "device": "mps",
  "epoch_reports": [
    {
      "checkpoint_metric": {
        "epoch": 1,
        "global_step": 467,
        "train_loss": 1.7938466038419296,
        "validation_loss": 1.3247293804639153,
        "worker_f1_at_0_5": 0.1694915254237288,
        "worker_margin": 0.18419288120725416,
        "worker_negative_mean": 0.18152672360015024,
        "worker_positive_mean": 0.3657196048074044,
        "worker_recall_at_0_5": 0.38461538461538464
      },
      "epoch": 1,
      "global_step": 467,
      "saved_as_best": true,
      "train": {
        "loss": 1.7938466038419296
      },
      "validation": {
        "by_persona": {
          "PM": {
            "distribution": {
              "mean_margin": 0.4499058730856703,
              "negative_max": 0.9432535171508789,
              "negative_mean": 0.14573068946503617,
              "negative_median": 0.030289923772215843,
              "negative_min": 0.0005832742899656296,
              "positive_max": 0.9651457667350769,
              "positive_mean": 0.5956365625507065,
              "positive_median": 0.7239232063293457,
              "positive_min": 0.009630626998841763
            },
            "metrics_at_0_5": {
              "f1": 0.5348837209302325,
              "fn": 12,
              "fp": 28,
              "precision": 0.45098039215686275,
              "recall": 0.6571428571428571,
              "selected_rate": 0.17229729729729729,
              "support_negative": 261,
              "support_positive": 35,
              "threshold": 0.5,
              "tn": 233,
              "tp": 23
            },
            "row_count": 296
          },
          "REVIEWER": {
            "distribution": {
              "mean_margin": 0.5283544086437608,
              "negative_max": 0.950327455997467,
              "negative_mean": 0.1310451370279235,
              "negative_median": 0.020668208599090576,
              "negative_min": 0.00010100839426741004,
              "positive_max": 0.9813393950462341,
              "positive_mean": 0.6593995456716844,
              "positive_median": 0.9091708064079285,
              "positive_min": 0.01855509914457798
            },
            "metrics_at_0_5": {
              "f1": 0.5822784810126582,
              "fn": 12,
              "fp": 21,
              "precision": 0.5227272727272727,
              "recall": 0.6571428571428571,
              "selected_rate": 0.14864864864864866,
              "support_negative": 261,
              "support_positive": 35,
              "threshold": 0.5,
              "tn": 240,
              "tp": 23
            },
            "row_count": 296
          },
          "WORKER": {
            "distribution": {
              "mean_margin": 0.18419288120725416,
              "negative_max": 0.9673499464988708,
              "negative_mean": 0.18152672360015024,
              "negative_median": 0.02779071219265461,
              "negative_min": 0.00011777759937103838,
              "positive_max": 0.8974487781524658,
              "positive_mean": 0.3657196048074044,
              "positive_median": 0.3847672939300537,
              "positive_min": 0.022759659215807915
            },
            "metrics_at_0_5": {
              "f1": 0.1694915254237288,
              "fn": 8,
              "fp": 41,
              "precision": 0.10869565217391304,
              "recall": 0.38461538461538464,
              "selected_rate": 0.1554054054054054,
              "support_negative": 283,
              "support_positive": 13,
              "threshold": 0.5,
              "tn": 242,
              "tp": 5
            },
            "row_count": 296
          }
        },
        "overall": {
          "distribution": {
            "mean_margin": 0.43295999511358885,
            "negative_max": 0.9673499464988708,
            "negative_mean": 0.15355348260062732,
            "negative_median": 0.026061803102493286,
            "negative_min": 0.00010100839426741004,
            "positive_max": 0.9813393950462341,
            "positive_mean": 0.5865134777142161,
            "positive_median": 0.7207038402557373,
            "positive_min": 0.009630626998841763
          },
          "metrics_at_0_5": {
            "f1": 0.45535714285714285,
            "fn": 32,
            "fp": 90,
            "precision": 0.3617021276595745,
            "recall": 0.6144578313253012,
            "selected_rate": 0.15878378378378377,
            "support_negative": 805,
            "support_positive": 83,
            "threshold": 0.5,
            "tn": 715,
            "tp": 51
          }
        }
      },
      "validation_loss": 1.3247293804639153
    },
    {
      "checkpoint_metric": {
        "epoch": 2,
        "global_step": 934,
        "train_loss": 0.8242384051660782,
        "validation_loss": 2.46912643140448,
        "worker_f1_at_0_5": 0.0,
        "worker_margin": 0.04237647652364705,
        "worker_negative_mean": 0.07886082533059058,
        "worker_positive_mean": 0.12123730185423763,
        "worker_recall_at_0_5": 0.0
      },
      "epoch": 2,
      "global_step": 934,
      "saved_as_best": false,
      "train": {
        "loss": 0.8242384051660782
      },
      "validation": {
        "by_persona": {
          "PM": {
            "distribution": {
              "mean_margin": 0.40977062077570103,
              "negative_max": 0.9060156941413879,
              "negative_mean": 0.03956989781323096,
              "negative_median": 0.003723395522683859,
              "negative_min": 4.392948903841898e-05,
              "positive_max": 0.9725156426429749,
              "positive_mean": 0.449340518588932,
              "positive_median": 0.4454045295715332,
              "positive_min": 0.0006450068322010338
            },
            "metrics_at_0_5": {
              "f1": 0.5862068965517241,
              "fn": 18,
              "fp": 6,
              "precision": 0.7391304347826086,
              "recall": 0.4857142857142857,
              "selected_rate": 0.0777027027027027,
              "support_negative": 261,
              "support_positive": 35,
              "threshold": 0.5,
              "tn": 255,
              "tp": 17
            },
            "row_count": 296
          },
          "REVIEWER": {
            "distribution": {
              "mean_margin": 0.4571309965438631,
              "negative_max": 0.9363425970077515,
              "negative_mean": 0.046806862860303854,
              "negative_median": 0.0012896801345050335,
              "negative_min": 2.5876533982227556e-05,
              "positive_max": 0.9823316335678101,
              "positive_mean": 0.5039378594041669,
              "positive_median": 0.6277468204498291,
              "positive_min": 0.0006702310056425631
            },
            "metrics_at_0_5": {
              "f1": 0.6349206349206349,
              "fn": 15,
              "fp": 8,
              "precision": 0.7142857142857143,
              "recall": 0.5714285714285714,
              "selected_rate": 0.0945945945945946,
              "support_negative": 261,
              "support_positive": 35,
              "threshold": 0.5,
              "tn": 253,
              "tp": 20
            },
            "row_count": 296
          },
          "WORKER": {
            "distribution": {
              "mean_margin": 0.04237647652364705,