{
  "dataset": "outputs/datasets/context_projection_v1.jsonl",
  "device": "mps",
  "epoch_reports": [
    {
      "epoch": 1,
      "train": {
        "loss": 1.5555258550196567
      },
      "validation": {
        "by_persona": {
          "PM": {
            "distribution": {
              "mean_margin": 0.47793606594674753,
              "negative_max": 0.9744303822517395,
              "negative_mean": 0.11605320238104956,
              "negative_median": 0.009095217101275921,
              "negative_min": 7.473104778910056e-05,
              "positive_max": 0.9773150682449341,
              "positive_mean": 0.5939892683277971,
              "positive_median": 0.8716161251068115,
              "positive_min": 0.0013545932015404105
            },
            "metrics_at_0_5": {
              "f1": 0.5384615384615384,
              "fn": 14,
              "fp": 22,
              "precision": 0.4883720930232558,
              "recall": 0.6,
              "selected_rate": 0.14527027027027026,
              "support_negative": 261,
              "support_positive": 35,
              "threshold": 0.5,
              "tn": 239,
              "tp": 21
            },
            "row_count": 296
          },
          "REVIEWER": {
            "distribution": {
              "mean_margin": 0.5500990215411562,
              "negative_max": 0.9797624945640564,
              "negative_mean": 0.09562562569157433,
              "negative_median": 0.003561229445040226,
              "negative_min": 3.5323559131938964e-05,
              "positive_max": 0.9929423332214355,
              "positive_mean": 0.6457246472327305,
              "positive_median": 0.9270312190055847,
              "positive_min": 0.0015723821707069874
            },
            "metrics_at_0_5": {
              "f1": 0.5432098765432098,
              "fn": 13,
              "fp": 24,
              "precision": 0.4782608695652174,
              "recall": 0.6285714285714286,
              "selected_rate": 0.1554054054054054,
              "support_negative": 261,
              "support_positive": 35,
              "threshold": 0.5,
              "tn": 237,
              "tp": 22
            },
            "row_count": 296
          },
          "WORKER": {
            "distribution": {
              "mean_margin": 0.2482056129014036,
              "negative_max": 0.9831724166870117,
              "negative_mean": 0.1606304956235218,
              "negative_median": 0.00909433513879776,
              "negative_min": 3.9676557207712904e-05,
              "positive_max": 0.9004307389259338,
              "positive_mean": 0.4088361085249254,
              "positive_median": 0.548248291015625,
              "positive_min": 0.0028907861560583115
            },
            "metrics_at_0_5": {
              "f1": 0.2222222222222222,
              "fn": 6,
              "fp": 43,
              "precision": 0.14,
              "recall": 0.5384615384615384,
              "selected_rate": 0.16891891891891891,
              "support_negative": 283,
              "support_positive": 13,
              "threshold": 0.5,
              "tn": 240,
              "tp": 7
            },
            "row_count": 296
          }
        },
        "overall": {
          "distribution": {
            "mean_margin": 0.46170412755209245,
            "negative_max": 0.9831724166870117,
            "negative_mean": 0.12510137191107018,
            "negative_median": 0.008102393709123135,
            "negative_min": 3.5323559131938964e-05,
            "positive_max": 0.9929423332214355,
            "positive_mean": 0.5868054994631626,
            "positive_median": 0.759016215801239,
            "positive_min": 0.0013545932015404105
          },
          "metrics_at_0_5": {
            "f1": 0.45045045045045046,
            "fn": 33,
            "fp": 89,
            "precision": 0.3597122302158273,
            "recall": 0.6024096385542169,
            "selected_rate": 0.15653153153153154,
            "support_negative": 805,
            "support_positive": 83,
            "threshold": 0.5,
            "tn": 716,
            "tp": 50
          }
        }
      }
    },
    {
      "epoch": 2,
      "train": {
        "loss": 0.7336985883509892
      },
      "validation": {
        "by_persona": {
          "PM": {
            "distribution": {
              "mean_margin": 0.47719831619950476,
              "negative_max": 0.9951722025871277,
              "negative_mean": 0.07683013507690611,
              "negative_median": 0.00207570125348866,
              "negative_min": 2.2799777070758864e-05,
              "positive_max": 0.9992920160293579,
              "positive_mean": 0.5540284512764109,
              "positive_median": 0.7604091167449951,
              "positive_min": 0.00031230898457579315
            },
            "metrics_at_0_5": {
              "f1": 0.5675675675675675,
              "fn": 14,
              "fp": 18,
              "precision": 0.5384615384615384,
              "recall": 0.6,
              "selected_rate": 0.13175675675675674,
              "support_negative": 261,
              "support_positive": 35,
              "threshold": 0.5,
              "tn": 243,
              "tp": 21
            },
            "row_count": 296
          },
          "REVIEWER": {
            "distribution": {
              "mean_margin": 0.4948456694520744,
              "negative_max": 0.9960808157920837,
              "negative_mean": 0.06844409398149329,
              "negative_median": 0.00044398746103979647,
              "negative_min": 1.3954718269815203e-05,
              "positive_max": 0.9993343949317932,
              "positive_mean": 0.5632897634335677,
              "positive_median": 0.8135669827461243,
              "positive_min": 0.00011735215230146423
            },
            "metrics_at_0_5": {
              "f1": 0.5555555555555556,
              "fn": 15,
              "fp": 17,
              "precision": 0.5405405405405406,
              "recall": 0.5714285714285714,
              "selected_rate": 0.125,
              "support_negative": 261,
              "support_positive": 35,
              "threshold": 0.5,
              "tn": 244,
              "tp": 20
            },
            "row_count": 296
          },
          "WORKER": {
            "distribution": {
              "mean_margin": 0.08300384763398509,
              "negative_max": 0.9958147406578064,
              "negative_mean": 0.08834700657880025,
              "negative_median": 0.00044432145659811795,
              "negative_min": 1.5241424989653751e-05,
              "positive_max": 0.5415293574333191,
              "positive_mean": 0.17135085421278534,
              "positive_median": 0.12936587631702423,
              "positive_min": 0.00010556528286542743
            },
            "metrics_at_0_5": {
              "f1": 0.10256410256410256,
              "fn": 11,
              "fp": 24,
              "precision": 0.07692307692307693,
              "recall": 0.15384615384615385,
              "selected_rate": 0.08783783783783784,
              "support_negative": 283,
              "support_positive": 13,
              "threshold": 0.5,
              "tn": 259,
              "tp": 2
            },
            "row_count": 296
          }
        },
        "overall": {
          "distribution": {
            "mean_margin": 0.4198363979221567,
            "negative_max": 0.9960808157920837,
            "negative_mean": 0.07815997098887294,
            "negative_median": 0.0007169626769609749,
            "negative_min": 1.3954718269815203e-05,
            "positive_max": 0.9993343949317932,
            "positive_mean": 0.49799636891102966,
            "positive_median": 0.5233553647994995,
            "positive_min": 0.00010556528286542743
          },
          "metrics_at_0_5": {
            "f1": 0.4648648648648649,
            "fn": 40,
            "fp": 59,